{"message":"Gym has been updated","data":{"_id":"5a1f1751ce78941f8880b1a0","Latitude":4.2872628161,"Longitude":1.312082502,"FullYearPrice":400,"HalfYearPrice":200,"MonthlyPrice":60,"__v":0}}