{"message":"Gym Added!","data":{"__v":0,"Latitude":4.2872628161,"Longitude":1.312082502,"FullYearPrice":400,"HalfYearPrice":200,"MonthlyPrice":45,"_id":"5a1f16c3ce78941f8880b19f"}}